name,tuition_min,tuition_max,tuition_currency,tuition_usd,ielts_min,toefl_min,gpa_min,programs,intakes,application_deadline,scholarship_available,notes,scrape_status
University of Exeter (INTO),17620.0,17715.0,GBP,22377.4,,,,,,,,"University of Exeter is ranked in the global top 200 and offers undergraduate, postgraduate taught, and research degrees across multiple campuses including Streatham, St Luke's, Penryn, and Cornwall locations.",success
Anglia Ruskin University (Navitas),16000.0,,GBP,20320.0,,,,,,,,"ARU offers courses for international students with support services including English language support and International Orientation Programme. The university has campuses in Cambridge, Chelmsford, Peterborough and Writtle.",success
University of Portsmouth (Navitas),15750.0,,GBP,20002.5,,,,,,,,University of Portsmouth offers Connected Degrees - unique 3-year courses with optional 4th year placement. Has campuses in both Portsmouth and London with career-focused programs.,success
Brunel University London (Navitas),17950.0,,GBP,22796.5,,,,,,,,"Brunel University London offers foundation, undergraduate, postgraduate and research programs with online options available. The university is ranked top 3 most international university in the UK and offers open days for prospective students.",success
Oxford Brookes University (QA),17250.0,18250.0,GBP,21907.5,,,,,,,,Oxford Brookes University has undergraduate open days on June 19-20 and offers late applications for those who missed the January 14 deadline. The university is ranked in the top 10 in South East England and among the world's top universities in 24 subject areas.,success
Solent University (QA),17250.0,18250.0,GBP,21907.5,,,,,September,,,"University is located in Southampton city centre and offers undergraduate, postgraduate, and apprenticeship courses with industry experience opportunities.",success
Royal Holloway (Study Group),21310.0,,GBP,27063.7,,,,,,,Yes,Royal Holloway offers scholarships that provide cash awards or tuition fee reductions. Summer Open Day scheduled for Saturday 13 June for prospective undergraduate students.,success
University of Sheffield (Study Group),21310.0,,GBP,27063.7,,,,,,,,"University offers pathway programmes for international students, visa and immigration support, and an International Summer School. Ranked 92nd globally in QS World University Rankings 2026.",success
Durham University (Study Group),21310.0,,GBP,27063.7,,,,,,,Yes,Durham offers Inspiring Excellence Scholarships for outstanding international students at both undergraduate and postgraduate levels. The university has been named in the top 50 of the world's most international universities.,success
University of Westminster (Kaplan),22760.0,25530.0,GBP,28905.2,,,,,"September, January",,Yes,"Health and life sciences scholarships worth £4.2M available through the Adar Poonawalla Pathways to Excellence programme. University has four campuses across London with facilities including cinema, gallery spaces, and sports facilities.",success
Queen Mary University of London (Kaplan),22760.0,25530.0,GBP,28905.2,,,,"AI and Computer Science, Biological Sciences, Business and Management, Medicine, Dentistry, Engineering, Law, Economics and Finance, Psychology, Mathematics, Physics",,,Yes,"Scholarships up to £12,000 available for international offer holders. Students from over 170 countries, making it one of the most internationally diverse institutions in the world.",success
MPW College,38750.0,40600.0,GBP,49212.5,,,,"A Level, GCSE, IGCSE, University Foundation Programme, Art Portfolio Programme, Easter Revision",,,,"MPW College has campuses in London, Birmingham and Cambridge offering A levels, GCSEs and foundation programmes for international students. Established in 1973 with a focus on bespoke education and university preparation.",success
English Path,1120.0,1280.0,GBP,1422.4,,,,"General English, General French, General German, Business English, Exam Preparation, Pathway Programme, Professional Certificates, Young Learners",,,,EP Schools offer language courses in 9 countries across 11 campuses. They provide pathway programmes including public university placement in Germany and are accredited by British Council in the UK.,success
Florida International University (Shorelight),21012.0,,USD,21012.0,,,,"Arts and Design, Business and Economics, Education, Hospitality Management, Humanities and Culture, Medicine and Health, Public Policy, Sciences and Engineering, Technology",,,,"FIU offers more than 200 degree programs across 12 colleges with opportunities for research, study abroad, and hands-on experience. The university has a large alumni network of 350,000+ and is located in Miami with access to beaches, culture, and career opportunities.",success
University of Illinois Chicago (Shorelight),,,PROVIDER: SHORELIGHT.,,,,,,,,,"UIC offers $0 tuition and fees for families earning $75,000 or less. The university serves 34,000 students with 40% being first-generation students.",success
Suffolk University (INTO),,,PROVIDER: INTO.,,,,,"Accounting, Business, Computer Science, Finance, Marketing, Psychology, Political Science, Criminal Justice, Art & Design, Engineering, Law",,,,Suffolk University is located in downtown Boston with 8 subway stops within a 5-minute walk. 95% of freshmen receive financial aid and the university offers 40+ study abroad opportunities.,success
Drew University (INTO),,,PROVIDER: INTO.,,,,,,,,,Drew University offers International Students & Scholar Services with support for new and current international students including employment workshops and programs.,success
George Mason University (INTO),,,PROVIDER: INTO.,,,,,,,,,"George Mason University is a Top 50 Public R1 Research University with international admissions programs and INTO Mason pathway programs available. The university has campuses in Virginia and South Korea, with graduates from 105 countries.",success
Oregon State University (INTO),,,PROVIDER: INTO.,,,,,,,,,"This appears to be the main Oregon State University homepage rather than specific international admissions information. The page mentions OSU has multiple locations including Corvallis, Bend, online programs, and research centers.",success
Colorado State University (INTO),,,PROVIDER: INTO.,,,,,"Agricultural Sciences, Business, Engineering, Health and Human Sciences, Liberal Arts, Natural Sciences, Veterinary Medicine, Natural Resources",,,,"Colorado State University offers nearly 300 academic programs with over 70 majors for undergraduates, plus graduate and online programs. The university has a strong focus on research and is located in Fort Collins, Colorado in the foothills of the Rocky Mountains.",success
Pace University (Kaplan),,,PROVIDER: KAPLAN. PATHWAY PROGRAM.,,,,,"Computer Science, Game Development, Arts and Entertainment Management, Business, Health Professions, Law, Performing Arts, Education",,,Yes,"Offers a $2,000 renewable grant for students who visit campus by December 15, 2026 and enroll full-time for fall 2027. Has campuses in NYC, Westchester, and online options available.",success
Simmons University (Kaplan),,,PROVIDER: KAPLAN.,,,,,,,,,Simmons University is located in Boston's Fenway neighborhood with easy access to internships in the Longwood Medical Area and opportunities at 150+ high-tech companies in Cambridge's Kendall Square. The university offers both undergraduate and graduate programs with online options available.,success
Westcliff University,18408.0,,USD,18408.0,,,,"Business Administration, Computer Science, Information Technology, Engineering Management, Artificial Intelligence, Education, Nursing, Law, Data Science",,,Yes,Westcliff University welcomes international students from over 110 countries and offers specialized guidance for international students. The university has a 10:1 student-to-faculty ratio and provides both on-campus and online learning options.,success
University of North Florida,,,DIRECT ADMISSIONS.,,,,,"Health, Business, Arts and Sciences, Computing, Engineering, Construction, Education, Human Services",,,,"Located in Jacksonville, Florida, just minutes from the beach. Offers undergraduate and graduate programs with small classes and innovative faculty.",success
New York Film Academy,,,USD,,,,,"Filmmaking, Acting for Film, Photography, Producing, Screenwriting, Cinematography, Documentary Filmmaking, Digital Editing, 3D Animation & Visual Effects, Broadcast Journalism, Musical Theatre, Game Design, Entertainment Media, Virtual Reality",,,Yes,"The school mentions that tuition costs are listed in USD and subject to change, with an annual increase expected. International student admissions section is referenced but specific requirements are not detailed on this page.",success
Georgian College,,,USD,,,,,,,,,Georgian College offers 130+ programs with hands-on learning and small class sizes. The college has launched a new applicant portal for international students and offers preparation programs including English language studies.,success
Durham College,,,USD,,,,,,,,Yes,Over $5 million in scholarships and bursaries available to DC students. PGWP-eligible programs are offered for international students.,success
Saint-Lawrence College,,,USD,,,,,"Autism and Behavioural Science, Bachelor of Commerce Social Innovation, Electrical Techniques, Business, Health Sciences, Hospitality and Culinary, Justice Studies, Science and Technology, Skilled Trades",September,,Yes,"College offers online and in-person delivery options with flexible learning formats. International students can apply to programs including graduate certificates and bachelor's degrees across multiple campuses in Kingston, Brockville, and Cornwall.",success
Niagara College,,,USD,,,,,,September,,Yes,"Niagara College offers over 120 full-time programs across 14 schools of study at two campuses in the Niagara Region, Canada. The college is known for experiential learning and has been ranked top-10 in Canada for research funding for 10 consecutive years.",success
Douglas College,,,USD,,,,,"Child and Youth Care, Early Childhood Education, Social Work, Business Administration, Accounting, Computing Studies, Nursing, Hospitality Management, Psychology, Communications, Music, Theatre, Biology, Chemistry, Engineering, Environmental Science, Veterinary Technology",,,Yes,"Douglas College offers international student services, global programs and exchanges, and specific scholarships and awards for international students. The college provides English language proficiency requirements and assessment testing for admission.",success
EU Business School Geneva,,,DEGREE PROGRAMS AVAILABLE.,,,,,"Business Management, Business Law, Project Management, MBA, Master's, MSc, DBA",,,,"EU Business School offers programs taught 100% in English across campuses in Barcelona, Geneva, Munich, and Digital. The school has students from 130+ nationalities and 93% of graduates are employed within 6 months.",success
Swiss Education Group,,,USD,,,,,"Hospitality Management, Business, Culinary Arts, Hotel Management",,,,"Swiss Education Group operates 4 schools in Switzerland specializing in hospitality, business and culinary arts with over 6,000 students from 110+ nationalities. All schools ranked in top 10 QS World University Rankings 2026 for hospitality programs.",success
BHMS Business and Hotel Management School,,,USD,,,,,"Global Business Management, Hotel & Hospitality Management, International Hospitality Business Management, International Tourism Management, Wine and Beverage Business Management, Business Sports and Events Management, Business Banking and Finance, Business and Airline Management, Culinary Entrepreneurship, Culinary Arts, Pastry Chocolate & Bakery",,,,Swiss business and hotel management school in Lucerne with guaranteed internships. Offers dual degrees through partnership with Robert Gordon University. Payment available in Swiss francs or other currencies through Flywire.,success
SRH University,,,USD,,,,,"Business Administration, International Business, Computer Science, Data Science, Psychology, Engineering, Architecture, Health, Social Work, Design, Film, Music, Tourism, Hotel Management",,,,"SRH University offers flexible study options including on-campus, online, and hybrid formats across 18 locations in Germany. The university uses the CORE principle (Competence Oriented Research and Education) for practical, small-group learning.",success
Fresenius University,,,USD,,,,,"Business Administration, Psychology, Health Sciences, Engineering, Media Management, Fashion Design, International Business, Chemistry, Biology, Sports Management",,,,Private German university with over 140 study programs and partnerships with 500+ companies. Campus Experience Day on May 19th available for prospective students.,success
IU International University of Applied Sciences,,,FORMERLY IUBH. ONLINE AND ON-CAMPUS PROGRAMS.,,,,,"Computer Science, Business Administration, Cyber Security, International Management, MBA","April, October",,,Study 100% in English at Germany's largest private university with campuses in Berlin and Cologne. Post-study work visa available for 18 months after graduation.,success
Kedge Business School,,,USD,,,,,"Management, Finance, Marketing, Supply Chain, International Business, Arts & Creative Industries, Wine & Hospitality, Data Analytics, Entrepreneurship",,,,KEDGE is a French business school with campuses in France and internationally including China and Africa. Programs are offered in French and English with strong international focus and industry partnerships.,success
Audencia Business School,,,USD,,,,,"Management, International Management & Business, Communication, MBA, DBA, Marketing, Finance, Entrepreneurship",,,,"Audencia is a French business school with 11 campuses internationally including France, China, Brazil, Spain, and Australia. 90% of students find employment within 6 months and 60% of faculty are international.",success
EU Business School Barcelona,,,DEGREE PROGRAMS AVAILABLE.,,,,,"Business Management, Business Law, Project Management, MBA, DBA",,,,"EU Business School has campuses in Barcelona, Geneva, Munich, and a Digital Campus. All programs are taught 100% in English with students from 130+ nationalities.",success
OCA Prague,5500.0,,EUR,5940.0,,,,,,,,"This appears to be a cycling academy/sports club in Brno, Czech Republic, not a traditional university offering academic programs for international students.",success
OnCampus Foundation (Netherlands),22440.0,30460.0,GBP,28498.8,,,,,,,,"This appears to be an e-learning platform company (oncampus GmbH) that provides learning management systems and online courses, rather than a traditional university with degree programs for international students.",success
The Hague University of Applied Sciences (Navitas),14950.0,,EUR,16146.0,,,,,,,,"THUAS has nearly 26,000 students from more than 140 different countries and offers Bachelor, Master, Post-graduate, and exchange programs. The university focuses on practice-oriented research addressing societal issues including inclusive education, safety, AI and data use.",success
Wittenborg University,11800.0,,EUR,12744.0,,,,"Business Administration, Entrepreneurship, Marketing Communication, Hospitality Business Administration, MBA, Management (MSc)",6 entrance dates per year,,Yes,"Multiple scholarships available including EU Scholarship, Holland Scholarship, and various regional scholarships. Guaranteed student accommodation provided. 100% English-speaking programs with total internationalization focus.",success
HULT International Business School,25800.0,38900.0,GBP,32766.0,,,,"Business, Management, Finance, MBA, DBA, Organizational Change",,,Yes,"Global campuses in San Francisco, New York, London, Boston, Dubai, Singapore with rotation opportunities. Triple accredited by AACSB, AMBA, and EQUIS with integrated visa support for international students.",success
Heriot-Watt University Dubai,,,USD,,,,,"Management, Engineering, Built Environment, Fashion, Business Management, Accountancy, Marketing, Enterprise, Finance, Logistics, Strategy",September,,Yes,"One of the first overseas universities in Dubai International Academic City offering British education. Programs accredited by UAE Ministry of Higher Education and Scientific Research. Inter-campus transfers available between UK, Dubai, and Malaysia campuses.",success
Sunway University,,,USD,,,,,,,,Yes,Sunway University offers scholarships and financial aids through the Jeffrey Cheah Foundation. The university is committed to providing quality education and has international collaborations with world-renowned universities.,success
Asia Pacific University (APU),8000.0,9000.0,USD,8000.0,,,,"Information Technology, Computer Science, Software Engineering, Artificial Intelligence, Cyber Security, Business Management, Accounting and Finance, Banking and Finance, Engineering, Architecture, Psychology, Design and Creative Media, Games Development, Hospitality and Tourism",,,Yes,APU offers scholarships for international students and has partnerships including a dual degree program with DMU. The university provides comprehensive student services including international student guides and application procedures.,success
TED University,,,USD,,,,,"Education, Engineering, Arts and Sciences, Economics and Administrative Sciences, Architecture and Design",,,Yes,TED University offers 100% English education across 23 undergraduate programs in 5 faculties. The university has an International Programs Office that handles partnerships with universities abroad and provides international study opportunities.,success
ARUCAD Cyprus,,,USD,,,,,"Art, Design, Communication, Music and Performing Arts",,,,ARUCAD is a Creative Arts and Design University in Northern Cyprus with four main faculties. The university offers English preparatory school and has international student application options available.,success
Curtin University Singapore (Navitas),,,PROVIDER: NAVITAS.,,,,,"Business, Communications, Information Technology, Health Sciences, Computing, Cyber Security",,,Yes,"Up to 50% scholarship available. Offers diploma pathway programs, undergraduate, postgraduate, and PhD courses. Global Scholars Program allows study at multiple campuses.",success
Solbridge International School of Business,10000.0,,USD,10000.0,,,,"Bachelor of Business Administration, Master of Business Administration, Master of Science with specializations in Data Analytics, Financial Technology, Management & Technology, Marketing Analytics, Technology Entrepreneurship & Innovation, Ph.D. in Global Management",Fall 2026,,,"SolBridge is located in Daejeon, South Korea with 80% international faculty. The school emphasizes diversity and global perspective in business education.",success
KUAS Kyoto University of Art and Design,,,USD,,,,,"Engineering, Economics, Business Administration, Psychology, History and Culture, Bio-environmental Science, Applied Life Sciences, Nursing, Speech-Language Pathology, Health and Sports Science",,,,University emphasizes English communication skills and global education with domestic study abroad-like environment. Offers real business experience and internship programs for practical skill development.,success
Navitas Universities Australia,30000.0,,AUD,19500.0,,,,"English language education, university pathways, degrees, diplomas, certificates, creative media qualifications, employability training",,,,"Navitas is a global education provider offering pathway programs to 38 university partners across 18 countries with 100+ colleges and campuses. They serve 60,000 students yearly from 130+ nationalities through various pathway and direct-degree entry programs.",success
Vilnius Gediminas Technical University,,,ALSO KNOWN AS VILNIUS TECH.,,,,,"Aviation, Architecture, Electronics, Environmental Engineering, Construction, Transport Engineering, Business Management, Mechanical Engineering, Creative Industries, Naval Engineering",,,Yes,University offers programs in English and Lithuanian. Strong international exchange opportunities through Erasmus+ and partnerships with 570+ international universities. 64% of students study tuition-free.,success
Up Education New Zealand,,,USD,,,,,,,,,"UP Education is a leading private tertiary provider across Australia and New Zealand with 64 campuses in 16 locations, offering 270 courses and partnerships with global universities.",success
Auckland University of Technology (AUT),,,ALSO KNOWN AS IUT.,,,,,"Architecture, Art and Design, Business, Communication Studies, Creative Technologies, Education, Engineering, Computer and Mathematical Sciences, Health Sciences, Hospitality Tourism and Events, Language and Culture, Law, Science, Social Sciences and Public Policy, Sport and Recreation",,,Yes,AUT welcomes international students from over 140 countries and offers modern learning experiences with real workplace experience. The university provides international student support services and has partnerships with industry for practical learning.,success
PIHMS Pacific International Hotel Management School,20000.0,,USD,20000.0,,,,"Bachelor of Applied Hotel Management, Master of Applied Hotel Management, Postgraduate Diploma in Applied Hotel Management, New Zealand Diploma in Hospitality Management",,,Yes,Students study in a working hotel campus and receive guaranteed paid industry placement while studying. The school offers English language programmes and has 100% employment rate within 6 months of graduation.,success
Valencia College,,,USD,,,,,,,,,"Valencia College offers over 140 degree and certificate programs at half the cost of state universities. The college has 10 locations throughout Orange and Osceola counties with flexible scheduling options including day, night, weekend and online classes.",success
Cascadia College,,,NEAR SEATTLE WASHINGTON STATE.,,,,,"Business, Communication Arts, Environmental Studies, Health Sciences, Computer Science, Engineering, Social Sciences, Education",,,Yes,"Community college offering transfer degrees, applied science degrees, and certificates with 89% of students transferring to universities.",success
San Jose City College,,,NEAR SAN FRANCISCO.,,,,,"Business Administration, Accounting, Computer Information Systems, Digital Media, Dental Assisting, Medical Assisting, Kinesiology, Early Childhood Education, Administration of Justice, Real Estate",,,,"This is a community college offering associate degrees, certificates, and transfer programs. International Student Program is mentioned but no specific details provided on this page.",success
Hofstra University (INTO),,,USD,,,,,"Business, Engineering, Medicine, Law, Communication",,,,Located on Long Island with easy access to NYC opportunities including internships and career connections. Campus offers 175 undergraduate and 200 graduate programs across 13 schools.,success
Illinois State University (INTO),,,USD,,,,,,,,,Illinois State University offers over 200+ degree options with 85% of classes taught by professors. International students can find application information on the university website.,success
Newcastle University (INTO),,,GBP,,,,,,,,Yes,"Over 1,000 scholarships available for international and EU students. Newcastle University has campuses in UK, Malaysia, and Singapore with pathway courses available through the International Study Centre.",success
Queen's University Belfast (INTO),,,GBP,,,,,,,,Yes,Queen's University Belfast offers international scholarships and university preparation courses. The university has a top 200 global ranking and 99% of research environment is world-leading or internationally excellent.,success
Saint Louis University (INTO),,,USD,,,,,,,,,"SLU offers nearly 100 undergraduate and 140 graduate programs with a 9:1 student-to-faculty ratio. 99% of first-time freshmen received financial aid, indicating strong scholarship availability.",success
Texas State University (INTO),,,USD,,,,,,,,,"Texas State University has over 40,000 students with campuses in San Marcos and Round Rock, Texas. The university offers a musical theatre program and has research programs in AI and brain health.",success
University of Arizona (INTO),,,USD,,,,,,,,,"University of Arizona offers 150+ majors across 20 colleges and schools including business, medicine, and engineering. The university has strong research opportunities and online program options for international students.",success
University of East Anglia (INTO),,,GBP,,,,,,,,,"UEA is located in Norwich, officially the best place to live in the UK. The university offers guaranteed accommodation when key criteria are met and provides strong careers support with nearly 80% of graduates in professional work or further study.",success
University of Gloucestershire (INTO),,,GBP,,,,,"Accounting & finance, Architecture, Art, Business, Computing & cyber security, Design, Education, Engineering, Film & media, Game technologies, Health & social care, Law, Marketing, Music, Photography, Psychology, Sport & exercise",,,,University welcomes international students and offers guaranteed accommodation for first-year students. Strong focus on employability with 95% of graduates in work or further study.,success
University of Sheffield (INTO),,,GBP,,,,,,,,,University of Sheffield is a world top-100 university (92nd in QS World Rankings 2026) offering pathway programmes for international students. The page mentions visa and immigration support and an International Summer School.,success
University of South Florida (INTO),,,USD,,,,,,,,,"This appears to be the general USF homepage. Summer sessions begin May 18, and the university serves nearly 50,000 students across Tampa Bay region campuses.",success
University of Stirling (INTO),,,GBP,,,,,,,,,University of Stirling offers over 170 flexible undergraduate degree courses and postgraduate programs with multiple start dates. Known as Scotland's University for Sporting Excellence.,success
University of Western Australia (INTO),,,AUD,,,,,"Engineering, Biomedical Science, Marine Science",,,,UWA is ranked in the global top 100 universities and #1 in Western Australia. The university offers pathways programs and real-world experience through internships and work placements in every degree.,success
Avila University (InUni),,,USD,,,,,,,,Yes,Avila offers international student programs and mentions 98% of freshmen received scholarships. The university has over 54 academic programs with small class sizes and a 13:1 student-to-faculty ratio.,success
Concordia University Chicago (InUni),5000.0,,USD,5000.0,,,,,,,Yes,"Church professional programs guarantee tuition and mandatory fees won't exceed $5,000 per academic year starting Fall 2025. External scholarships from LCMS districts and congregations can be stacked for additional savings.",success
Hartpury University (InUni),,,GBP,,,,,"Animal Science, Agriculture, Equine Studies, Sport, Veterinary Studies",,,,Specialist university located in Gloucestershire with 360-hectare campus offering world-class facilities. Named Specialist University of the Year 2026 with TEF Gold rating and 95% graduate employment rate.,success
Penn State Dickinson Law (InUni),,,USD,,,,,"J.D., LL.M., S.J.D.",,,Yes,"Penn State Dickinson Law offers generous J.D. scholarships including $60k Keystone Scholars Grants and merit awards. The school has two locations in Carlisle and University Park, PA, with access to major legal markets including Philadelphia, New York City, and Washington D.C.",success
ASU London (Kaplan),,,GBP,,6.0,,,"Business, Computing, Engineering",,,,"Students complete a bachelor's degree in London then can continue to a master's degree at Arizona State University in the USA, all in four years. Graduates may be eligible for up to three years Optional Practical Training in the USA.",success
Adelaide University (Kaplan),,,AUD,,,,,,,,Yes,Adelaide University offers generous scholarships to both Australian and international students. The university has seven campuses across South Australia and offers 100% online study options.,success
Cranfield University (Kaplan),,,GBP,,,,,,,,,"Cranfield University offers MSc, MBA, PhD programs and professional development courses. The university has strong industry connections with nearly 1,500 organizations and focuses on science, engineering, technology, and management.",success
Murdoch University (Kaplan),,,AUD,,,,,,,,Yes,"Murdoch University offers pathways for international students and has campuses in multiple locations including Singapore and Dubai. Open Day is scheduled for Saturday 23 May, 2026.",success
UWE Bristol (Kaplan),,,GBP,,,,,"Accounting and Finance, Architecture, Art, Biosciences, Business Management, Computing, Construction, Design, Drama, Economics, Education, Engineering, English, Environmental Science, Fashion, Filmmaking, Forensic Science, Geography, Health Professions, History, Journalism, Law, Marketing, Mathematics, Music Therapy, Nursing, Philosophy, Politics, Physiotherapy, Planning, Psychology, Social Work",,,,UWE Bristol offers undergraduate and postgraduate programs with industry-shaped courses and state-of-the-art facilities across three campuses. 89% of graduates are in work or further study 15 months after graduation.,success
University of Alberta (Kaplan),,,CAD,,,,,,,,,University of Alberta has over 200 undergraduate programs and 500+ graduate programs with students from 159 countries. The page mentions tuition and scholarships sections but specific details are not provided in this general overview page.,success
University of Birmingham (Kaplan),,,GBP,,,,,,,,,"The University of Birmingham has a green campus with historic buildings and modern facilities. They offer undergraduate, postgraduate taught, postgraduate research, and short courses with comprehensive student support services.",success
University of Brighton (Kaplan),,,GBP,,,,,,January start masters courses,,,"University of Brighton has been ranked the number one university in Europe by international students and offers a Brighton Boost financial support package worth up to £1,000 for eligible students.",success
University of Bristol (Kaplan),,,GBP,,,,,,,,,University of Bristol is ranked 51st globally and 8th in the UK. The page mentions international students section and accommodation options available.,success
University of Glasgow (Kaplan),,,GBP,,,,,,,,,"World top 100 university in Scotland, UK with students from over 140 countries. Offers undergraduate, postgraduate taught, and research programs with international student support services available.",success
University of Liverpool (Kaplan),,,GBP,,,,,,,,,"University of Liverpool has campuses in UK, China, and India. The page mentions international students but specific admissions requirements are not detailed on this general university homepage.",success
University of Victoria (Kaplan),,,CAD,,,,,,,,,UVic offers undergraduate and graduate programs with over 160 graduate programs available. The university emphasizes sustainability and has been named one of Canada's Greenest Employers. Strong focus on international research collaboration and Indigenous initiatives.,success
University of York (Kaplan),,,GBP,,,,,,,,,"The University of York is a Russell Group member with campuses in York UK, Mumbai India, and Greece. They offer undergraduate, postgraduate taught, and research programs with strong research culture and student support services.",success
Birmingham City University (Navitas),,,GBP,,,,,"Accounting, Economics and Finance, Architecture, Art and Design, Built Environment, Business, Computing, Networking and Games Technology, Education, Engineering, English, Events and Sports Management, Fashion, Film, Animation and Technology, Health and Life Sciences, Jewellery, Law, Marketing, Media, Nursing, Psychology, Sociology and Criminology, Sports Science",,,Yes,"BCUIC is a pathway college for Birmingham City University located in Birmingham city center. Students progress to BCU degrees after completing foundation programs, with access to industry-standard facilities and a diverse international student community from 100 countries.",success
Charles Sturt University (Navitas),,,AUD,,,,,"Accounting, Business, Information Technology, Human Services, Business Data Analytics, Professional Accounting, Professional Information Technology, Project Management and Leadership, Social Work",,,Yes,Multiple international scholarships available including International Diversity Merit Scholarship and Vice-Chancellor International Excellence Scholarship. Campuses located in Sydney and Melbourne CBD. Social Work programs starting July 2026.,success
Curtin University (Navitas),,,AUD,,,,,"Architecture & Construction, Commerce, Communication Design & Arts, Computer Science & IT, Engineering, Health Sciences, Masters Qualifying Program",June 2026,,Yes,"Curtin College offers pathway programs that lead directly to 2nd year of Curtin University degrees. Multiple scholarships available including High Achiever, English Language Program, and Academic Bursaries.",success
Edith Cowan University (Navitas),,,AUD,,,,,"Commerce, Communications & Creative Industries, Hotel Management, Computing/IT, Engineering, Health Science, Nursing, Psychology, Exercise, Biomedical, Nutrition, Bioscience",June/July 2026,,Yes,ECC is a pathway college offering diplomas and foundation programs that provide direct entry into 2nd year at ECU. Students can transfer to Edith Cowan University which ranks in the top 400 universities globally.,success
Eynesbury College - Adelaide University (Navitas),,,AUD,,,,,"Arts, Business, Computing & IT, Engineering, Health Science, Foundation Studies, Graduate Certificate in Business and Management, ELICOS",,,,Eynesbury College is a preferred pathway provider to Adelaide University with programs designed for entry into bachelor degrees. Students can progress seamlessly from Eynesbury programs into Adelaide University degrees.,success
Griffith University (Navitas),,,AUD,,,,,"Business, Criminology and Criminal Justice, Design, Educational Studies, Engineering, Health Care, Health Sciences, Information Technology, International Tourism and Hotel Management, Science, Social and Psychological Science",,,Yes,Griffith College offers diploma programs that provide pathways to Griffith University degrees with smaller classes and strong support. They also offer Foundation and Masters Qualifying Programs for international students.,success
Keele University (Navitas),,,GBP,,,,,"Business and Management, Computer Science, Engineering, Health Sciences, Law and Criminology, Life Sciences, Psychology, Chemistry and Physics, Mathematics, English, Creative Writing, History, Film, Media, Music, Geography, Geology, Environment, Nursing, Sport, Politics, International Relations, Philosophy, Sociology, Education",Flexible intakes between September and March,,Partial,"Offers accessible entry pathways to over 150 Keele University degrees through preparatory courses. Located on one of the UK's biggest campuses at 600 acres with over 13,500 students.",success
La Trobe University (Navitas),,,AUD,,,,,"Business, Business Analytics, Cybersecurity, Engineering, Health Sciences, Information Technology, Media and Communication, Psychology, Bioscience, Foundation Studies",Trimester 2,,Yes,"La Trobe College is a pathway provider offering diplomas and foundation studies that transfer to La Trobe University degrees. Multiple scholarship options available including Foundation and Diploma scholarships, Family Bursary, and Academic Merit scholarships.",success
Lancaster University Leipzig (Navitas),,,EUR,,,,,"Accounting and Finance, Business Management, Computer Science, Cyber Security, Software Engineering, Business Analytics, Data Science, Logistics and Supply Chain Management",,,Yes,Lancaster University Leipzig is a branch campus offering British degrees in Germany. All courses are taught in English with optional German language courses. Students earn the same degree as Lancaster University UK campus students.,success
Manchester Metropolitan University (Navitas),,,GBP,,,,,"Foundation, International Year One, Pre-Masters pathway courses leading to over 90 progression degrees",,,Yes,International College provides pathway courses to prepare students for Manchester Met degrees with guaranteed entry when progression criteria are met. Single visa covers entire length of study and on-campus accommodation is available.,success
Murdoch University Dubai (Navitas),,,AED,,,,,"Business Administration, Accounting, Finance, Human Resources Management, Marketing, Computer Science, Cyber Security, Psychology, Criminology, Digital Communication, Education","January, May, September",,Yes,"Australian university campus in Dubai offering pathway programs, undergraduate and postgraduate courses. All programs are accredited by CAA, KHDA, and TEQSA with double major options available across undergraduate degrees.",success
Robert Gordon University (Navitas),,,GBP,,,,,"Accounting and Finance, Architecture, Art and Design, Business and Management, Computer Science, Engineering, Health Sciences, Nursing, Pharmacy, Life Sciences, Surveying",,,Yes,ICRGU offers pathway courses including Foundation programs and Pre-Master's courses leading to degrees at Robert Gordon University. Pre-Sessional English courses are available for students who need to improve their English language skills.,success
Simon Fraser University (Navitas),,,CAD,,,,,"Arts and Social Sciences, Business Administration, Communication and Business, Communication Art and Technology, Computing Science, Engineering Science, Environment, Health Sciences, Sciences",September 2025,,Yes,Fraser International College (FIC) serves as a pathway to Simon Fraser University (SFU). The college offers foundation programs and undergraduate transfer pathways to help students advance to their degree at SFU.,success
Toronto Metropolitan University (Navitas),,,CAD,,,,,"Arts, Commerce, Creative Industries, Economics and Finance, Engineering, Science, Foundation Program, English for Academic Purposes",,,,TMUIC is a pathway college for Toronto Metropolitan University located in downtown Toronto. Students complete foundation or International Year One programs before transferring to second year at TMU.,success
University of Canberra (Navitas),,,AUD,,,,,,,,Yes,"UC College offers pathway programs including diplomas, foundation studies, graduate certificate in academic foundations and English language courses for international students preparing for University of Canberra.",success
University of Canterbury (Navitas),,,NZD,,,,,"Foundation Studies, Commerce, Science, Engineering, Pre-Master's",,,,UCIC is a pathway college to University of Canterbury with small class sizes and personalized support. NZQA Category 1 provider with 'highly confident' rating for educational performance.,success
University of Hertfordshire (Navitas),,,GBP,,,,,"Accounting and Finance, Animation and Film, Architecture, Art and Design, Business and Economics, Computer Science, Engineering, Health and Nursing, Law, Mass Communications, Music, Physics and Mathematics",,,,Hertfordshire International College offers pathway programs to prepare students for University of Hertfordshire degrees. Campus is 25 minutes from London with modern facilities and strong research rankings.,success
University of Lethbridge (Navitas),,,CAD,,,,,"Foundation Program, Business Administration",,,,"UICC provides undergraduate pathways to the University of Lethbridge and serves over 1000 international students from 90 countries. The college is located in Calgary and offers support within a welcoming, inclusive environment.",success
University of Plymouth (Navitas),,,GBP,,,,,"Arts, Design & Architecture, Biological/Biomedical Sciences & Psychology, Business Management & Economics, Computer Science, Construction Management, Engineering & Robotics, Environmental Sciences, Health & Human Sciences, Law, Marine Coast & Ocean Sciences, Maritime Business, Mathematical Sciences, Politics & International Relations, Tourism & Events",January 2026,,Yes,"Offers £4000 progression scholarship and up to 50% fee discount with Vice Chancellor's International Excellence Award for January 2026. Located in Plymouth, Britain's Ocean City, with pathways including Foundation, First Year, and Pre-Masters programs leading to University of Plymouth degrees.",success
University of Sydney (Navitas),,,AUD,,,,,"University of Sydney Foundation Program, High Achievers Preparation Program",,,,"Taylors College Sydney provides pathway programs for international students to study at the University of Sydney. In 2024, 90% of USFP graduates received offers to the University of Sydney.",success
University of Twente (Navitas),,,EUR,,,,,"Foundation in Engineering and Technology, Foundation in Business, Management and Social Sciences",September,"June 15, 2026",,Year-long foundation programs with on-campus teaching in Enschede. Students progress to University of Twente degrees upon successful completion.,success
University of Waikato (Navitas),,,NZD,,,,,"Foundation Studies, Business, Computer Science, Pre-Masters, English Language",,,,"University of Waikato College is a pathway program delivered by Navitas to prepare students for University of Waikato degree study. Programs include foundation studies, international diplomas, and English language preparation.",success
Western Sydney University (Navitas),,,AUD,,,,,"Foundation Studies, Business, Health Science and Nursing, Science, Arts, Engineering, Information and Communications Technology",,,,"Western Sydney University International College offers pathway programs including foundation studies and diploma programs leading to over 30 Western Sydney University undergraduate degrees. The college is located in Parramatta, Sydney.",success
Western University (Navitas),,,CAD,,,,,"Management and Organizational Studies, Science, Social Science, Master of Engineering",,,,"Western International College is a pathway program located on Western University's campus in London, Ontario. Offers International Year One programs for undergraduate pathways and professional master's programs.",success
Wilfrid Laurier University (Navitas),,,CAD,,,,,"Business Administration, Life Sciences, Computer Science, Economics and Accounting, Data Science, Business Technology Management, User Experience Design, Arts, Human and Social Sciences, Liberal Arts, Science",,,Yes,Wilfrid Laurier International College offers undergraduate pathway programs to Wilfrid Laurier University. The college is now located at Laurier's Waterloo campus and provides Foundation Programs and International Year One (UTP II) options.,success
BPP University (Oxford International),,,GBP,,,,,"Law, Accountancy & Finance, Management, Data Analytics, HR, Digital Marketing, Nursing, Healthcare",,,,BPP University offers undergraduate and postgraduate programs across multiple locations in the UK. International student services include visa application assistance and authorized international agents.,success
Bangor University (Oxford International),,,GBP,,,,,,,,,"University ranked 2nd in Wales and 40th in the UK according to TIME World's Top Universities of 2026. Still accepting applications for September 2026 undergraduate, postgraduate taught, and postgraduate research courses.",success
De Montfort University (Oxford International),,,GBP,,,,,,"January, February",,,"University offers English language courses and has multiple campus locations including Leicester, Dubai, and London. Courses available starting in January and February.",success
Edinburgh Napier University (Oxford International),,,GBP,,,,,"Accounting and Finance, Acting, Biological Sciences, Building and Surveying, Business and Management, Computing, Criminology, Psychology and Sociology, Design, Photography & Advertising, Engineering, English, Creative Writing and Publishing, Film, Journalism and Media, Health and Social Care, Law, Marketing, Music, Nursing and Midwifery, Sport and Exercise Sciences, Teaching, Tourism, Hospitality, Festival and Events Management",,,,"Edinburgh Napier University has an International College (ENUIC) which provides on-campus pathway programs for international students. The university serves nearly 20,000 students from over 145 countries and offers both on-campus and online study options.",success
Sheffield Hallam University (Oxford International),,,GBP,,,,,,,,,"University offers guaranteed internships with eligibility criteria, award-winning teaching facilities, and dedicated career support for international students.",success
University of Kent (Oxford International),,,GBP,,,,,,,,,"University of Kent offers undergraduate and postgraduate courses with international student support, scholarships available, and English language requirements. Visit their international student pages for specific admission requirements and program details.",success
University of Roehampton (Oxford International),,,GBP,,,,,,,,,"University of Roehampton is London's campus university located in southwest London, offering undergraduate, postgraduate, and online degree programs with dedicated international student support services.",success
Whitecliffe University - Berlin International (Oxford International),,,EUR,,,,,"Architecture, Interior Architecture, Graphic Design & Visual Communication, Business Administration, International Management & Marketing, Data Science & Business, MBA",,,,All programs taught in English. International university with students from 93 nations offering opportunities to study at different global locations.,success
London Metropolitan University (QA),,,GBP,,,,,"Business Management, Construction Management, Data Science, Health and Social Care, International Business Management",,,,"Programmes validated by London Metropolitan University and taught by QA Higher Education staff at multiple UK locations including London, Birmingham, and Manchester. Flexible scheduling with daytime or evening/weekend options available.",success
Northumbria University (QA),,,GBP,,,,,"Business, Computing, IT, Project Management",Multiple intakes across the academic year,,,"QA Higher Education delivers Northumbria University programs in London, Birmingham, and Newcastle. Pathway programmes are available for international students to develop English language and academic skills.",success
Swansea University (QA),,,GBP,,,,,"Business, Computing",,,,QA Higher Education partners with Swansea University to deliver postgraduate programmes at London locations. Programmes are validated by Swansea University but taught by QA Higher Education staff.,success
Ulster University (QA),,,GBP,,,,,"Business, Computing",,,,Ulster University branch campuses delivered through QA Higher Education partnership with locations in London and Birmingham. Programs validated by Ulster University and taught by QA Higher Education with focus on graduate employability.,success
Adelphi University (Shorelight),,,USD,,,,,,,,,Adelphi is recognized as a College of Distinction for exceptional support services provided to international students. The university has over 207 undergraduate and graduate programs with strong earnings outcomes.,success
American Collegiate DC (Shorelight),,,USD,,,,,,"Summer, Fall, Winter, Spring","March 30, 2026",,"Elite undergraduate transfer program hosted by American University aimed at transferring students to top US or world universities. Classes begin May 20, 2026 for Summer 2026 intake.",success
American Collegiate LA (Shorelight),,,USD,,,,,undergraduate transfer programs,"Summer, Fall, Winter, Spring","May 18, 2026 for Summer 2026",,One- or two-year transfer program in collaboration with UCLA Extension designed to prepare international students for transfer to top universities. Includes ESL courses and personalized support services.,success
American Collegiate Live (Shorelight),,,USD,,,,,,"Summer 2026, Fall 2026, Winter 2027, Spring 2027","May 12, 2026",,"Virtual start program allowing students to begin US university degree studies from home with real-time faculty interaction and transferable credits. Classes begin May 27, 2026 with mandatory check-in May 20, 2026.",success
Bellarmine University (Shorelight),,,USD,,,,,"Business, Digital Media, Liberal Arts",,,Yes,Every first-year student receives merit-based scholarship. Public Price Promise offers private education at public school pricing. International Services available.,success
Bridgewater College (Shorelight),,,USD,,,,,"60 majors and minors, Graduate Programs, Chemistry, Criminology",,,Yes,"100% of first-year, full-time students receive financial assistance. Private college education at public college pricing with transparent costs.",success
Carroll University (Shorelight),,,USD,,,,,,,,,"Carroll University mentions International Students and International Services and Engagement, indicating they serve international students, but specific admissions requirements and program details are not provided on this page.",success
Central Methodist University (Shorelight),,,USD,,,,,,,,,Central Methodist University offers undergraduate and graduate programs through Shorelight partnership. The university has been operating since 1854 and provides various student services including international student support.,success
Colby Sawyer College (Shorelight),,,USD,,,,,"Business Administration, Nursing, Psychology, Biology, Environmental Science, Art & Design, Education, Exercise Science, Social Work",,,,Liberal arts college in New Hampshire with strong outcomes (97% employment/graduate school placement within 6 months). Partnership with Dartmouth Health guarantees employment for nursing graduates.,success
Dakota Wesleyan University (Shorelight),,,USD,,,,,,,,,"Dakota Wesleyan University offers undergraduate, graduate and online programs with personalized education focused on academics, leadership, faith and service. The university has 100% job placement rates for nursing and education graduates.",success
Dean College (Shorelight),,,USD,,,,,"Liberal Arts & Studies, Criminal Justice and Homeland Security, Athletic Coaching and Recreation Management",,,,"Dean College is a private college in Franklin, Massachusetts offering personalized attention with small class sizes and individualized learning approach.",success
Fairfield University (Shorelight),,,USD,,,,,,,,,"Fairfield University is a Jesuit Catholic institution located in Connecticut, 10 minutes from the beach and 60 minutes from NYC. The university offers undergraduate and graduate programs with strong outcomes - 98% of graduates secure employment or continue education within eight years.",success
Felician University (Shorelight),,,USD,,,,,"Arts and Sciences, Education, Business and Information Sciences, Nursing",,,Yes,No SAT/ACT required for admission. Founded by Felician Sisters with Franciscan values emphasis on service and respect for humanity.,success
Gonzaga University (Shorelight),,,USD,,,,,"Arts & Sciences, Business Administration, Education, Engineering & Applied Sciences, Law, Leadership Studies, Health Sciences, Informatics and Applied Technology",,,,"Gonzaga offers 16 undergraduate degrees through 53 majors, 68 minors and 73 concentrations, plus 23 master's degrees and 5 doctoral-level degrees. The university has a 12:1 student-to-faculty ratio and 95% of graduates are employed or pursuing higher degrees within six months.",success
Hartwick College (Shorelight),23500.0,,USD,23500.0,,,,,,,Yes,Annual scholarships available up to $10K. The college uses transparent tuition pricing and offers financial aid through FAFSA (code 002729).,success
Heriot-Watt University Dubai (Shorelight),,,AED,,,,,"Management, Engineering, Built Environment, Fashion, Business Management, Accountancy, Marketing, Finance, Logistics",September,,Yes,Offers foundation programmes for degree entry pathway. All programmes accredited by UAE Ministry of Higher Education. Inter-campus transfers available to UK and Malaysia campuses.,success
Heriot-Watt University UK (Shorelight),,,GBP,,,,,,,,Yes,"University has multiple campuses in Edinburgh, Scottish Borders, Orkney, Dubai and Malaysia. Island Scholarship available for postgraduate students studying clean energy and marine science in Orkney.",success
Hiram College (Shorelight),,,USD,,,,,"Accounting, Applied Computer Science, Art and Design, Biochemistry, Biology, Chemistry, Communication, Computer Science, Criminal Justice, Digital Marketing, Education, English, Environmental Studies, History, International Studies, Management, Marketing, Neuroscience, Nursing, Physics, Political Science, Psychology, Public Health, Sociology, Sport Management, Supply Chain Management",,,,Private college in Ohio with tuition guarantee that locks rates for four years and graduation guarantee for students following academic plans. Offers 10:1 student-to-faculty ratio and 94% job placement rate.,success
Illinois Wesleyan University (Shorelight),,,USD,,,,,,,,Yes,"95% of students qualify for scholarships or grants. The university emphasizes liberal arts education combined with practical experience in business, nursing, fine arts, and sciences.",success
Lakeland University (Shorelight),,,USD,,,,,,,,Yes,"University offers cooperative education program allowing students to earn college credit for work experience. Has campus in Tokyo, Japan and multiple delivery formats including online options.",success
MGH Institute of Health Professions (Shorelight),,,USD,,,,,"Nursing, Communication Sciences and Disorders, Genetic Counseling, Health Sciences, Health Professions Education, Occupational Therapy, Physical Therapy, Physician Assistant Studies",,,,"The Institute offers entry-level and post-professional programs in health professions with integration of classroom learning, research, and clinical experience. Located in Boston with clinical affiliations to Mass General Brigham healthcare system.",success
McMurry University (Shorelight),13054.0,,USD,13054.0,,,,"Business, Nursing, Education, Sciences, Arts, Music, Healthcare Administration, AI in Business",,,Yes,McMurry University is a private Christian university in Texas with small class sizes (16:1 student-faculty ratio) and is designated as a Hispanic-Serving Institution with support resources for students.,success
Missouri University of Science and Technology (Shorelight),,,USD,,,,,"Computer Science, Business, Engineering, Humanities, Liberal Arts, Artificial Intelligence, Biology",,,,Missouri S&T offers over 100 degree programs in 40 areas of study with strong career placement and internship opportunities. The university is known for hands-on learning through design teams and research opportunities.,success
Montana State University (Shorelight),,,USD,,,,,,,,,"Montana State University offers international admissions for freshman, transfer, and graduate students, as well as ESL study programs. The university is located in Bozeman, Montana and offers over 250 degrees and programs.",success
Mount St. Mary's University Maryland (Shorelight),,,USD,,,,,"Liberal Arts, Business, Education, Health Professions, Science, Mathematics, Technology",,,,"Catholic university offering over 80 majors, minors, concentrations and special programs for undergraduate students, plus 25+ adult undergraduate and graduate programs. Has specific international student admissions office.",success
Ohio Wesleyan University (Shorelight),,,USD,,,,,"Biological Sciences, Chemistry, Psychology & Neuroscience, Economics & Business, Communication & Journalism, Mathematics & Computer Science, Physics & Astronomy, Global Studies, Fine Arts, Performing Arts, Philosophy & Religion, Politics & Government, Medical & Health Professions, Education, English & Creative Writing, World Languages & Cultures, Environment & Sustainability, Health & Human Kinetics, Sociology & Anthropology, History & Period Studies, Africana Gender & Identity Studies",,,Yes,"Ohio Wesleyan University offers The OWU Connection program combining internships, research, travel, and service experiences. The university provides various scholarships including the Education Fellows Program with scholarships for outstanding students.",success
Oklahoma City University (Shorelight),,,USD,,,,,"performing arts, health care, business, science, leadership, music composition, cell and molecular biology, finance",,,Yes,Over 90% of students receive financial aid. The university has an 11:1 student-to-faculty ratio and is located on a 104-acre campus in downtown Oklahoma City.,success
Randolph College (Shorelight),,,USD,,,,,"Liberal Arts, BA, BS, BFA degrees with 42 majors, 52 minors, 5 pre-professional programs",,,Yes,"100% of students receive financial aid. Features innovative TAKE2 curriculum with two courses per half-semester. Provides $2,000 RISE grants for student research and creative work.",success
Rutgers University New Brunswick (Shorelight),,,USD,,,,,,,,,This appears to be the general Rutgers University homepage which mentions 150+ undergraduate majors and graduate/professional programs but lacks specific international student admissions requirements or tuition information.,success
Saint Mary's University of Minnesota (Shorelight),,,USD,,,,,,,,,"Saint Mary's University of Minnesota offers over 80 academic programs across multiple campuses (Winona, Minneapolis, Rochester) and online. The university has a Lasallian Catholic heritage focused on ethical leadership and service.",success
Seattle University (Shorelight),,,USD,,,,,"Computer Science, Nursing, Chemistry, Sociology, Arts Leadership, MFA programs, plus 65+ undergraduate majors and 50+ graduate programs",,,Yes,"Seattle University is a Jesuit institution with an 11:1 student-to-faculty ratio and 96% graduate success rate. The university has an International Student Center and is located in Seattle, ranked #1 destination city for college students.",success
St. Mary's College of California (Shorelight),,,USD,,,,,"Liberal Arts, Science, Economics, Business Administration, Education",,,Yes,Small class sizes with 10:1 student-faculty ratio. Located in San Francisco Bay Area with study abroad opportunities and Silicon Valley internship access.,success
St. Thomas Aquinas College (Shorelight),,,USD,,,,,"Arts & Social Sciences, Business, Education, STEM",,,,College offers 100+ programs across four schools with a 16:1 student-to-faculty ratio and is located 15 miles from NYC. International admissions services are available through the college.,success
Stony Brook University (Shorelight),,,USD,,,,,,,,,Applications open August 1. Stony Brook is ranked #26 public university in the nation with over 300 fields of study available.,success
Trinity Christian College (Shorelight),,,USD,,,,,,,,,"Trinity Christian College has announced closure after the 2025-2026 academic year. The college offers undergraduate, graduate, and adult undergraduate programs but specific international admissions requirements are not detailed on this page.",success
University at Buffalo (Shorelight),,,USD,,,,,"Cognitive Science, Artificial Intelligence, Criminology, Environmental Design, Arts Management, Applied Mathematics, Communication, Neuroscience, Geological Sciences, Biotechnology, Indigenous Studies, Music, Dance, Medicinal Chemistry, Aerospace Engineering, International Trade, Nutrition Science, Global Affairs, Media Study",,,,University at Buffalo offers 500+ degree programs and is ranked #36 public university in U.S. The university has a 12:1 student/faculty ratio and is noted for interdisciplinary research opportunities.,success
University of Alaska Fairbanks (Shorelight),,,USD,,,,,,,,,"UAF has students from 51 countries with a 12:1 student-faculty ratio. The university offers online degree programs through UAF eCampus and has campuses in multiple Alaska locations including Fairbanks, Kotzebue, Bethel, Nome and Dillingham.",success
University of Dayton (Shorelight),,,USD,,,,,,,,Yes,"Catholic, Marianist institution with transparent tuition approach. All students automatically considered for merit scholarships, textbook scholarships also available.",success
University of Dubuque (Shorelight),,,USD,,,,,"Business, Aviation, Health and Medical Sciences, Communication, Computer Science, Digital Art and Design, Fine Arts, Theological Seminary",,,Yes,100% of tuition covered through Tuition Pledge for eligible Iowa students. 99% of undergraduate students receive financial aid. The university is pursuing opening the first new medical school in Iowa in over 125 years.,success
University of Illinois Springfield (Shorelight),,,USD,,,,,,,,Yes,University of Illinois Springfield offers 43 online degree programs and has awarded $3.6 million in grants and scholarships. The university has a 95.9% graduate success rate with students employed after graduation.,success
University of Massachusetts Boston (Shorelight),,,USD,,,,,,,,,"UMass Boston is the most diverse college campus in New England with students from 117 countries. The university offers 200+ undergraduate and graduate programs including in-person, hybrid, and online options.",success
University of Mount Union (Shorelight),,,USD,,,,,,,,Yes,"99% of students receive some form of financial aid. University offers undergraduate, graduate, online education, and continuing education programs with personal attention from faculty.",success
University of Nevada Reno (Shorelight),,,USD,,,,,,,,Yes,"University offers 560+ majors, minors, graduate and certificate programs with 17:1 student-to-faculty ratio. Interactive cost calculator and financial aid information available on website.",success
University of Portland (Shorelight),,,USD,,,,,"Arts and Sciences, Business, Engineering, Healthcare, Education",,,Yes,University offers undergraduate and graduate degrees with hands-on learning opportunities including internships and research. High percentage of students receive financial aid or scholarships.,success
University of Redlands (Shorelight),,,USD,,,,,,,,,"University of Redlands offers 40+ undergraduate programs and 30+ graduate programs with small class sizes and 13:1 student-faculty ratio. Founded in 1907, located in Southern California and Bay Area with study abroad opportunities available.",success
University of Saint Mary Kansas (Shorelight),,,USD,,,,,,,,Yes,"USM offers undergraduate academic scholarships ranging from full tuition to $12,000. The university specializes in health care education including nursing, pre-med, DPT, and NP programs.",success
University of Texas at San Antonio (Shorelight),,,USD,,,,,"Public Health, Politics and Law, Immunology, Medicine, Dentistry, Nursing, AI, Cybersecurity, Energy",Fall,June 1,Yes,UT San Antonio is the 3rd largest public research university in Texas with 42K+ students and 350+ academic programs. The university offers both academic campus and health science center programs with a focus on experiential learning and research.,success
University of Utah (Shorelight),,,USD,,,,,,,,,"University of Utah has an Asia campus located in Incheon, South Korea offering the same degree as the Salt Lake City campus. The university is a Tier 1 research institution and proud member of the AAU.",success
University of Wisconsin Green Bay (Shorelight),,,USD,,,,,"Computer Science, Social Work, Water Science, Psychology, Business Administration, Nursing, Environmental Science, Criminal Justice, Education",,,,"82% of first-year students receive financial aid. University offers online programs and has campuses in Green Bay, Manitowoc, and Sheboygan. Mentions serving international students but specific requirements not detailed on this page.",success
University of Wisconsin River Falls (Shorelight),,,USD,,,,,,,,,"University mentions 70+ areas of study and has International Options under admissions, but specific details for international students are not provided on this page.",success
University of Wisconsin Whitewater (Shorelight),,,USD,,,,,,,,,"UW-Whitewater claims to have the lowest combined tuition, room/board and fees among four-year campuses in Wisconsin. They offer both undergraduate and graduate programs with 98% of graduates employed in their field or in graduate school within a year. Fall 2026 applications are currently open.",success
University of Wyoming (Shorelight),,,USD,,,,,,,,,"UW offers international student admissions with specific requirements available on their dedicated international admissions page. The university is located in Laramie, Wyoming and offers affordable tuition rates among four-year universities.",success
Utah Tech University (Shorelight),,,USD,,,,,,,,Yes,"Utah Tech University claims to be the most affordable university in Utah with high percentage of students receiving financial aid. Scholarships, grants, and other financial aid are widely available.",success
Villanova University (Shorelight),,,USD,,,,,"Liberal Arts, Business, Engineering, Nursing, Law, Professional Studies",,,,Catholic Augustinian university located 12 miles from Philadelphia with over 60 bachelor's programs and 40+ master's programs. Strong emphasis on personalized education with teacher-student partnerships in learning.,success
Virginia Wesleyan University (Shorelight),,,USD,,,,,"Liberal Arts, Sciences, Business Administration, Education, Environmental Studies, Psychology, Biology, Chemistry, Computer Science, Art, Music, Theatre, Nursing",,,Yes,99% of students receive financial assistance and tuition has been frozen for six consecutive years. The university offers merit scholarships and a Work & Learn Program for student employment.,success
Washington & Jefferson College (Shorelight),,,USD,,,,,,,,Yes,Washington & Jefferson College offers generous merit scholarships and institutional grants. The college has International Student Services and mentions providing an affordable education with an attainable bottom line.,success
Western Oregon University (Shorelight),,,USD,,,,,,,,,"Western Oregon University is a Hispanic Serving Institution with small class sizes averaging 19 students, located in Monmouth, Oregon as the state's oldest public university.",success
Cardiff University (Study Group),,,GBP,,,,,"International Foundation Year, Accelerated International Foundation, International Year One, Pre-Master's, English Language Preparation",,,,"Cardiff University International Study Centre offers pathway programmes to a Russell Group university. Cardiff is described as one of the most affordable student cities in the UK, located just two hours from London by train.",success
DePaul University (Study Group),,,USD,,,,,"Business, Communication, Computing and Digital Media, Education, Law, Liberal Arts and Social Sciences, Science and Health, Music, Theatre",,,Yes,DePaul offers a Net Price Calculator to estimate costs based on program and circumstances. The university has a 17:1 student-to-faculty ratio and 97% of classes are taught by faculty rather than TAs.,success
Florida Atlantic University (Study Group),,,USD,,,,,,,,,"FAU offers 170+ degree programs with extensive undergraduate research opportunities and internship placements. The university has multiple campuses across Southeast Florida including Boca Raton, Fort Lauderdale, and Jupiter.",success
James Madison University (Study Group),,,USD,,,,,,,,,"JMU offers 70+ majors and 130+ programs with options for undergraduate and graduate study, plus study abroad opportunities.",success
Kingston University (Study Group),,,GBP,,,,,"International Foundation Year, International Year One, Pre-Masters Programme, Business and Management, Science Engineering and Computing, Pharmaceutical Science",,,,"Kingston University International Study Centre offers pathway programs to prepare students for undergraduate and postgraduate degrees. The university is ranked top 60 in UK and #1 for graduate start-ups, located 30 minutes from central London.",success
Leeds Beckett University (Study Group),,,GBP,,,,,"International Foundation Year, International Year One, Business, Law, Social Studies, Science, Engineering, Computing, Business Management",,,,Study Group operates an International Study Centre for Leeds Beckett University offering pathway programs. English Language Preparation courses available to help students meet language requirements before starting pathway programs.,success
Liverpool John Moores University (Study Group),,,GBP,,,,,"International Foundation Year, International Year One, Pre-Masters Programme, Engineering, Computing, Life Sciences",,,,Offers preparatory pathway programmes for international students to progress to Liverpool John Moores University degrees. English Language Preparation programme available for students who need to improve English skills.,success
Long Island University (Study Group),,,USD,,,,,,,,Yes,"LIU awards nearly $100 million in scholarships and grants yearly. The university offers 150+ academic programs across multiple campuses including Brooklyn, Post, Global, Pharmacy, and Veterinary Medicine.",success
New Jersey Institute of Technology (Study Group),,,USD,,,,,"Architecture & Design, Business, Computing, Engineering, Humanities & Liberal Arts, Math & Science",,,,NJIT offers undergraduate and graduate international admissions with visa application support for degree-seeking and visiting students.,success
Towson University (Study Group),,,USD,,,,,,,,,Towson University is Maryland's largest university with 80+ graduate programs and strong career services. The page mentions international admissions applications are available but specific requirements are not listed here.,success
University of Aberdeen (Study Group),,,GBP,,,,,,,,Yes,"Aberdeen Global Scholarship offers £6,000 per year for eligible undergraduate programmes and £8,000 for eligible master's programmes to international students. The university is ranked 3rd in Scotland and Top 20 in the UK.",success
University of Hartford (Study Group),,,USD,,,,,"Art, Business, Engineering, Nursing, Education, Music, Communication, Health Professions",,,,"University of Hartford offers over 100 academic programs across multiple schools including Hartford Art School, Barney School of Business, and College of Engineering. 90% of students receive financial aid with an 11:1 student to faculty ratio.",success
University of Huddersfield (Study Group),,,GBP,,,,,"International Foundation Year, International Year One, Pre-Master's Programme, English Language Preparation",,,,Pathway programmes offered through International Study Centre on campus. 85% of students who completed programmes with required grades were offered places at University of Huddersfield in 2025.,success
University of Huddersfield London (Study Group),,,GBP,,,,,"Business, Computer Science",September 2026,,,Located in London's business hub with industry connections and internship opportunities. Pre-Sessional English programme available online for language preparation.,success
University of Leeds (Study Group),,,GBP,,,,,"International Foundation Year, International Year One, Pre-Masters, English Language Preparation",,,,Pathway programs for progression to University of Leeds. Students can start courses in current academic year and progress to University of Leeds next autumn. English language preparation courses available.,success
University of Strathclyde (Study Group),,,GBP,,,,,"Business and Social Sciences, Engineering and Sciences, Psychology, Business and Management",,,Yes,97% of pathway programme students were offered progression to University of Strathclyde degrees in 2025. Offers English Language Preparation programme and various pathway lengths including accelerated options.,success
University of Surrey (Study Group),,,GBP,,,,,"International Foundation Year, International Year One, Pre-Masters Programme, Business, Economics, Law, Social Sciences, Life Sciences",,,,Offers pathway programmes to University of Surrey with placement year opportunities. University ranked 19th-31st in UK league tables with strong employability focus.,success
University of Sussex (Study Group),,,GBP,,,,,"Business, Accounting and Economics, Computer Science, Finance and Technology, Psychology, Product Design, Engineering, Mathematics, Physics, Social Sciences, Law, Life Sciences, Film and Media, Medicine, International Relations, International Development",,,,"The International Study Centre offers pathway programs including International Foundation Year, International Year One, Extended International Year One, and Pre-Masters Programme to prepare students for degree study at University of Sussex. English Language Preparation programme is available for students needing to improve English skills.",success
Western Washington University (Study Group),,,USD,,,,,"Environmental Studies, Biology, Chemistry, Mathematics, Business Administration",,,,Western Washington University offers 200+ academic programs with small classes and personal faculty connections. Located in Bellingham where the Salish Sea meets the North Cascades.,success
Swinburne University of Technology (UP Education),,,AUD,,,,,"Arts, Business, Engineering, Information Technology, Design, Aviation, Health, Psychology, Science, Media and Communication, Film and Television, Games and Animation",,,Yes,"Swinburne offers guaranteed work integrated learning in all bachelor degrees and has industry partnerships with companies like Adobe, Amazon Web Services, and Siemens. The university provides ELICOS preparation courses and has dedicated support services for international students.",success
University of Auckland (UP Education),,,NZD,,,,,,,,Yes,"University of Auckland offers undergraduate, postgraduate, and professional development programs with accommodation options available. Scholarships and awards are provided to thousands of students annually.",success
Victoria University of Wellington (UP Education),,,NZD,,,,,,,,Yes,Victoria University of Wellington has an international students section and mentions scholarships are available. The university offers undergraduate and postgraduate programs with world-leading research opportunities.,success
EU Business School Munich,,,USD,,,,,"Business Administration, International Relations, Artificial Intelligence for Business, Sports Management, Digital Business Design & Innovation, Tourism Management, Business Finance, Digital Communications, Management, Finance, Marketing, Innovation & Entrepreneurship, Fashion & Luxury Business, MBA",,,,EU Business School Munich offers an English Foundation Program for students needing to improve language skills before degree entry. The campus hosts 800+ students from 130+ nationalities in a modern facility in Munich's business district.,success
